episode,global_step,sub_run_index,returns,episode_length
0,1,eval_idx00,10.0,10
0,1,eval_idx01,8.0,8
0,1,eval_idx02,9.0,9
0,1,eval_idx03,9.0,9
0,1,eval_idx04,9.0,9
0,1,eval_idx05,10.0,10
0,1,eval_idx06,9.0,9
0,1,eval_idx07,9.0,9
0,1,eval_idx08,10.0,10
0,1,eval_idx09,10.0,10
50,1054,eval_idx00,10.0,10
50,1054,eval_idx01,8.0,8
50,1054,eval_idx02,9.0,9
50,1054,eval_idx03,9.0,9
50,1054,eval_idx04,9.0,9
50,1054,eval_idx05,10.0,10
50,1054,eval_idx06,9.0,9
50,1054,eval_idx07,9.0,9
50,1054,eval_idx08,10.0,10
50,1054,eval_idx09,10.0,10
100,2220,eval_idx00,10.0,10
100,2220,eval_idx01,8.0,8
100,2220,eval_idx02,9.0,9
100,2220,eval_idx03,9.0,9
100,2220,eval_idx04,9.0,9
100,2220,eval_idx05,10.0,10
100,2220,eval_idx06,9.0,9
100,2220,eval_idx07,9.0,9
100,2220,eval_idx08,10.0,10
100,2220,eval_idx09,10.0,10
150,3222,eval_idx00,10.0,10
150,3222,eval_idx01,8.0,8
150,3222,eval_idx02,9.0,9
150,3222,eval_idx03,9.0,9
150,3222,eval_idx04,9.0,9
150,3222,eval_idx05,10.0,10
150,3222,eval_idx06,9.0,9
150,3222,eval_idx07,9.0,9
150,3222,eval_idx08,10.0,10
150,3222,eval_idx09,10.0,10
200,4423,eval_idx00,27.0,27
200,4423,eval_idx01,21.0,21
200,4423,eval_idx02,22.0,22
200,4423,eval_idx03,18.0,18
200,4423,eval_idx04,19.0,19
200,4423,eval_idx05,18.0,18
200,4423,eval_idx06,19.0,19
200,4423,eval_idx07,23.0,23
200,4423,eval_idx08,18.0,18
200,4423,eval_idx09,20.0,20
250,5724,eval_idx00,9.0,9
250,5724,eval_idx01,10.0,10
250,5724,eval_idx02,9.0,9
250,5724,eval_idx03,10.0,10
250,5724,eval_idx04,10.0,10
250,5724,eval_idx05,8.0,8
250,5724,eval_idx06,9.0,9
250,5724,eval_idx07,10.0,10
250,5724,eval_idx08,9.0,9
250,5724,eval_idx09,9.0,9
300,6715,eval_idx00,9.0,9
300,6715,eval_idx01,10.0,10
300,6715,eval_idx02,9.0,9
300,6715,eval_idx03,10.0,10
300,6715,eval_idx04,10.0,10
300,6715,eval_idx05,8.0,8
300,6715,eval_idx06,9.0,9
300,6715,eval_idx07,10.0,10
300,6715,eval_idx08,9.0,9
300,6715,eval_idx09,9.0,9
350,7914,eval_idx00,9.0,9
350,7914,eval_idx01,10.0,10
350,7914,eval_idx02,9.0,9
350,7914,eval_idx03,10.0,10
350,7914,eval_idx04,10.0,10
350,7914,eval_idx05,8.0,8
350,7914,eval_idx06,9.0,9
350,7914,eval_idx07,10.0,10
350,7914,eval_idx08,9.0,9
350,7914,eval_idx09,9.0,9
400,9127,eval_idx00,9.0,9
400,9127,eval_idx01,10.0,10
400,9127,eval_idx02,9.0,9
400,9127,eval_idx03,10.0,10
400,9127,eval_idx04,10.0,10
400,9127,eval_idx05,8.0,8
400,9127,eval_idx06,9.0,9
400,9127,eval_idx07,10.0,10
400,9127,eval_idx08,9.0,9
400,9127,eval_idx09,9.0,9
450,10224,eval_idx00,9.0,9
450,10224,eval_idx01,10.0,10
450,10224,eval_idx02,9.0,9
450,10224,eval_idx03,10.0,10
450,10224,eval_idx04,10.0,10
450,10224,eval_idx05,8.0,8
450,10224,eval_idx06,9.0,9
450,10224,eval_idx07,10.0,10
450,10224,eval_idx08,9.0,9
450,10224,eval_idx09,9.0,9
500,11307,eval_idx00,9.0,9
500,11307,eval_idx01,10.0,10
500,11307,eval_idx02,9.0,9
500,11307,eval_idx03,10.0,10
500,11307,eval_idx04,10.0,10
500,11307,eval_idx05,8.0,8
500,11307,eval_idx06,9.0,9
500,11307,eval_idx07,10.0,10
500,11307,eval_idx08,9.0,9
500,11307,eval_idx09,9.0,9
550,12303,eval_idx00,9.0,9
550,12303,eval_idx01,10.0,10
550,12303,eval_idx02,9.0,9
550,12303,eval_idx03,10.0,10
550,12303,eval_idx04,10.0,10
550,12303,eval_idx05,8.0,8
550,12303,eval_idx06,9.0,9
550,12303,eval_idx07,10.0,10
550,12303,eval_idx08,9.0,9
550,12303,eval_idx09,9.0,9
600,13350,eval_idx00,9.0,9
600,13350,eval_idx01,10.0,10
600,13350,eval_idx02,9.0,9
600,13350,eval_idx03,10.0,10
600,13350,eval_idx04,10.0,10
600,13350,eval_idx05,8.0,8
600,13350,eval_idx06,9.0,9
600,13350,eval_idx07,10.0,10
600,13350,eval_idx08,9.0,9
600,13350,eval_idx09,9.0,9
650,14628,eval_idx00,9.0,9
650,14628,eval_idx01,10.0,10
650,14628,eval_idx02,9.0,9
650,14628,eval_idx03,10.0,10
650,14628,eval_idx04,10.0,10
650,14628,eval_idx05,8.0,8
650,14628,eval_idx06,9.0,9
650,14628,eval_idx07,10.0,10
650,14628,eval_idx08,9.0,9
650,14628,eval_idx09,9.0,9
700,15808,eval_idx00,9.0,9
700,15808,eval_idx01,10.0,10
700,15808,eval_idx02,9.0,9
700,15808,eval_idx03,10.0,10
700,15808,eval_idx04,10.0,10
700,15808,eval_idx05,8.0,8
700,15808,eval_idx06,9.0,9
700,15808,eval_idx07,10.0,10
700,15808,eval_idx08,9.0,9
700,15808,eval_idx09,9.0,9
750,17006,eval_idx00,9.0,9
750,17006,eval_idx01,10.0,10
750,17006,eval_idx02,9.0,9
750,17006,eval_idx03,10.0,10
750,17006,eval_idx04,10.0,10
750,17006,eval_idx05,8.0,8
750,17006,eval_idx06,9.0,9
750,17006,eval_idx07,10.0,10
750,17006,eval_idx08,9.0,9
750,17006,eval_idx09,9.0,9
800,18132,eval_idx00,9.0,9
800,18132,eval_idx01,10.0,10
800,18132,eval_idx02,9.0,9
800,18132,eval_idx03,10.0,10
800,18132,eval_idx04,10.0,10
800,18132,eval_idx05,8.0,8
800,18132,eval_idx06,9.0,9
800,18132,eval_idx07,10.0,10
800,18132,eval_idx08,9.0,9
800,18132,eval_idx09,9.0,9
850,19352,eval_idx00,9.0,9
850,19352,eval_idx01,10.0,10
850,19352,eval_idx02,9.0,9
850,19352,eval_idx03,10.0,10
850,19352,eval_idx04,10.0,10
850,19352,eval_idx05,8.0,8
850,19352,eval_idx06,9.0,9
850,19352,eval_idx07,10.0,10
850,19352,eval_idx08,9.0,9
850,19352,eval_idx09,9.0,9
900,20391,eval_idx00,9.0,9
900,20391,eval_idx01,10.0,10
900,20391,eval_idx02,9.0,9
900,20391,eval_idx03,10.0,10
900,20391,eval_idx04,10.0,10
900,20391,eval_idx05,8.0,8
900,20391,eval_idx06,9.0,9
900,20391,eval_idx07,10.0,10
900,20391,eval_idx08,9.0,9
900,20391,eval_idx09,9.0,9
950,21562,eval_idx00,9.0,9
950,21562,eval_idx01,10.0,10
950,21562,eval_idx02,9.0,9
950,21562,eval_idx03,10.0,10
950,21562,eval_idx04,10.0,10
950,21562,eval_idx05,8.0,8
950,21562,eval_idx06,9.0,9
950,21562,eval_idx07,10.0,10
950,21562,eval_idx08,9.0,9
950,21562,eval_idx09,9.0,9
1000,22609,eval_idx00,9.0,9
1000,22609,eval_idx01,10.0,10
1000,22609,eval_idx02,9.0,9
1000,22609,eval_idx03,10.0,10
1000,22609,eval_idx04,10.0,10
1000,22609,eval_idx05,8.0,8
1000,22609,eval_idx06,9.0,9
1000,22609,eval_idx07,10.0,10
1000,22609,eval_idx08,9.0,9
1000,22609,eval_idx09,9.0,9
1050,23825,eval_idx00,9.0,9
1050,23825,eval_idx01,10.0,10
1050,23825,eval_idx02,9.0,9
1050,23825,eval_idx03,10.0,10
1050,23825,eval_idx04,10.0,10
1050,23825,eval_idx05,8.0,8
1050,23825,eval_idx06,9.0,9
1050,23825,eval_idx07,10.0,10
1050,23825,eval_idx08,9.0,9
1050,23825,eval_idx09,9.0,9
1100,24908,eval_idx00,9.0,9
1100,24908,eval_idx01,10.0,10
1100,24908,eval_idx02,9.0,9
1100,24908,eval_idx03,10.0,10
1100,24908,eval_idx04,10.0,10
1100,24908,eval_idx05,8.0,8
1100,24908,eval_idx06,9.0,9
1100,24908,eval_idx07,10.0,10
1100,24908,eval_idx08,9.0,9
1100,24908,eval_idx09,9.0,9
1150,26085,eval_idx00,9.0,9
1150,26085,eval_idx01,10.0,10
1150,26085,eval_idx02,9.0,9
1150,26085,eval_idx03,10.0,10
1150,26085,eval_idx04,10.0,10
1150,26085,eval_idx05,8.0,8
1150,26085,eval_idx06,9.0,9
1150,26085,eval_idx07,10.0,10
1150,26085,eval_idx08,9.0,9
1150,26085,eval_idx09,9.0,9
1200,27216,eval_idx00,9.0,9
1200,27216,eval_idx01,10.0,10
1200,27216,eval_idx02,9.0,9
1200,27216,eval_idx03,10.0,10
1200,27216,eval_idx04,10.0,10
1200,27216,eval_idx05,8.0,8
1200,27216,eval_idx06,9.0,9
1200,27216,eval_idx07,10.0,10
1200,27216,eval_idx08,9.0,9
1200,27216,eval_idx09,9.0,9
1250,28227,eval_idx00,9.0,9
1250,28227,eval_idx01,10.0,10
1250,28227,eval_idx02,9.0,9
1250,28227,eval_idx03,10.0,10
1250,28227,eval_idx04,10.0,10
1250,28227,eval_idx05,8.0,8
1250,28227,eval_idx06,9.0,9
1250,28227,eval_idx07,10.0,10
1250,28227,eval_idx08,9.0,9
1250,28227,eval_idx09,9.0,9
1300,29426,eval_idx00,9.0,9
1300,29426,eval_idx01,10.0,10
1300,29426,eval_idx02,9.0,9
1300,29426,eval_idx03,10.0,10
1300,29426,eval_idx04,10.0,10
1300,29426,eval_idx05,8.0,8
1300,29426,eval_idx06,9.0,9
1300,29426,eval_idx07,10.0,10
1300,29426,eval_idx08,9.0,9
1300,29426,eval_idx09,9.0,9
1350,30505,eval_idx00,9.0,9
1350,30505,eval_idx01,10.0,10
1350,30505,eval_idx02,9.0,9
1350,30505,eval_idx03,10.0,10
1350,30505,eval_idx04,10.0,10
1350,30505,eval_idx05,8.0,8
1350,30505,eval_idx06,9.0,9
1350,30505,eval_idx07,10.0,10
1350,30505,eval_idx08,9.0,9
1350,30505,eval_idx09,9.0,9
1400,31636,eval_idx00,9.0,9
1400,31636,eval_idx01,10.0,10
1400,31636,eval_idx02,9.0,9
1400,31636,eval_idx03,10.0,10
1400,31636,eval_idx04,10.0,10
1400,31636,eval_idx05,8.0,8
1400,31636,eval_idx06,9.0,9
1400,31636,eval_idx07,10.0,10
1400,31636,eval_idx08,9.0,9
1400,31636,eval_idx09,9.0,9
1450,32692,eval_idx00,12.0,12
1450,32692,eval_idx01,15.0,15
1450,32692,eval_idx02,13.0,13
1450,32692,eval_idx03,13.0,13
1450,32692,eval_idx04,13.0,13
1450,32692,eval_idx05,10.0,10
1450,32692,eval_idx06,12.0,12
1450,32692,eval_idx07,15.0,15
1450,32692,eval_idx08,11.0,11
1450,32692,eval_idx09,10.0,10
1500,33761,eval_idx00,19.0,19
1500,33761,eval_idx01,24.0,24
1500,33761,eval_idx02,21.0,21
1500,33761,eval_idx03,20.0,20
1500,33761,eval_idx04,18.0,18
1500,33761,eval_idx05,16.0,16
1500,33761,eval_idx06,19.0,19
1500,33761,eval_idx07,27.0,27
1500,33761,eval_idx08,17.0,17
1500,33761,eval_idx09,15.0,15
1550,35056,eval_idx00,20.0,20
1550,35056,eval_idx01,26.0,26
1550,35056,eval_idx02,22.0,22
1550,35056,eval_idx03,22.0,22
1550,35056,eval_idx04,19.0,19
1550,35056,eval_idx05,16.0,16
1550,35056,eval_idx06,20.0,20
1550,35056,eval_idx07,28.0,28
1550,35056,eval_idx08,17.0,17
1550,35056,eval_idx09,17.0,17
1600,36060,eval_idx00,11.0,11
1600,36060,eval_idx01,9.0,9
1600,36060,eval_idx02,10.0,10
1600,36060,eval_idx03,10.0,10
1600,36060,eval_idx04,11.0,11
1600,36060,eval_idx05,13.0,13
1600,36060,eval_idx06,10.0,10
1600,36060,eval_idx07,9.0,9
1600,36060,eval_idx08,13.0,13
1600,36060,eval_idx09,13.0,13
1650,37238,eval_idx00,10.0,10
1650,37238,eval_idx01,8.0,8
1650,37238,eval_idx02,9.0,9
1650,37238,eval_idx03,9.0,9
1650,37238,eval_idx04,9.0,9
1650,37238,eval_idx05,10.0,10
1650,37238,eval_idx06,9.0,9
1650,37238,eval_idx07,9.0,9
1650,37238,eval_idx08,10.0,10
1650,37238,eval_idx09,10.0,10
1700,38304,eval_idx00,13.0,13
1700,38304,eval_idx01,10.0,10
1700,38304,eval_idx02,12.0,12
1700,38304,eval_idx03,13.0,13
1700,38304,eval_idx04,15.0,15
1700,38304,eval_idx05,19.0,19
1700,38304,eval_idx06,14.0,14
1700,38304,eval_idx07,9.0,9
1700,38304,eval_idx08,19.0,19
1700,38304,eval_idx09,19.0,19
1750,39299,eval_idx00,10.0,10
1750,39299,eval_idx01,8.0,8
1750,39299,eval_idx02,9.0,9
1750,39299,eval_idx03,9.0,9
1750,39299,eval_idx04,9.0,9
1750,39299,eval_idx05,10.0,10
1750,39299,eval_idx06,9.0,9
1750,39299,eval_idx07,9.0,9
1750,39299,eval_idx08,10.0,10
1750,39299,eval_idx09,10.0,10
1800,40408,eval_idx00,10.0,10
1800,40408,eval_idx01,8.0,8
1800,40408,eval_idx02,9.0,9
1800,40408,eval_idx03,9.0,9
1800,40408,eval_idx04,9.0,9
1800,40408,eval_idx05,10.0,10
1800,40408,eval_idx06,9.0,9
1800,40408,eval_idx07,9.0,9
1800,40408,eval_idx08,10.0,10
1800,40408,eval_idx09,10.0,10
1850,41437,eval_idx00,10.0,10
1850,41437,eval_idx01,8.0,8
1850,41437,eval_idx02,9.0,9
1850,41437,eval_idx03,9.0,9
1850,41437,eval_idx04,9.0,9
1850,41437,eval_idx05,10.0,10
1850,41437,eval_idx06,9.0,9
1850,41437,eval_idx07,9.0,9
1850,41437,eval_idx08,10.0,10
1850,41437,eval_idx09,10.0,10
1900,42494,eval_idx00,10.0,10
1900,42494,eval_idx01,8.0,8
1900,42494,eval_idx02,9.0,9
1900,42494,eval_idx03,9.0,9
1900,42494,eval_idx04,9.0,9
1900,42494,eval_idx05,11.0,11
1900,42494,eval_idx06,9.0,9
1900,42494,eval_idx07,9.0,9
1900,42494,eval_idx08,11.0,11
1900,42494,eval_idx09,11.0,11
1950,43545,eval_idx00,10.0,10
1950,43545,eval_idx01,8.0,8
1950,43545,eval_idx02,9.0,9
1950,43545,eval_idx03,9.0,9
1950,43545,eval_idx04,9.0,9
1950,43545,eval_idx05,10.0,10
1950,43545,eval_idx06,9.0,9
1950,43545,eval_idx07,9.0,9
1950,43545,eval_idx08,10.0,10
1950,43545,eval_idx09,10.0,10
2000,44678,eval_idx00,10.0,10
2000,44678,eval_idx01,8.0,8
2000,44678,eval_idx02,9.0,9
2000,44678,eval_idx03,9.0,9
2000,44678,eval_idx04,9.0,9
2000,44678,eval_idx05,10.0,10
2000,44678,eval_idx06,9.0,9
2000,44678,eval_idx07,9.0,9
2000,44678,eval_idx08,10.0,10
2000,44678,eval_idx09,10.0,10
2050,45540,eval_idx00,10.0,10
2050,45540,eval_idx01,8.0,8
2050,45540,eval_idx02,9.0,9
2050,45540,eval_idx03,9.0,9
2050,45540,eval_idx04,9.0,9
2050,45540,eval_idx05,10.0,10
2050,45540,eval_idx06,9.0,9
2050,45540,eval_idx07,9.0,9
2050,45540,eval_idx08,10.0,10
2050,45540,eval_idx09,10.0,10
2100,46580,eval_idx00,10.0,10
2100,46580,eval_idx01,8.0,8
2100,46580,eval_idx02,9.0,9
2100,46580,eval_idx03,9.0,9
2100,46580,eval_idx04,9.0,9
2100,46580,eval_idx05,10.0,10
2100,46580,eval_idx06,9.0,9
2100,46580,eval_idx07,9.0,9
2100,46580,eval_idx08,10.0,10
2100,46580,eval_idx09,10.0,10
2150,47494,eval_idx00,10.0,10
2150,47494,eval_idx01,8.0,8
2150,47494,eval_idx02,9.0,9
2150,47494,eval_idx03,9.0,9
2150,47494,eval_idx04,9.0,9
2150,47494,eval_idx05,10.0,10
2150,47494,eval_idx06,9.0,9
2150,47494,eval_idx07,9.0,9
2150,47494,eval_idx08,10.0,10
2150,47494,eval_idx09,10.0,10
2200,48597,eval_idx00,10.0,10
2200,48597,eval_idx01,8.0,8
2200,48597,eval_idx02,9.0,9
2200,48597,eval_idx03,9.0,9
2200,48597,eval_idx04,9.0,9
2200,48597,eval_idx05,10.0,10
2200,48597,eval_idx06,9.0,9
2200,48597,eval_idx07,9.0,9
2200,48597,eval_idx08,10.0,10
2200,48597,eval_idx09,10.0,10
2250,49647,eval_idx00,10.0,10
2250,49647,eval_idx01,8.0,8
2250,49647,eval_idx02,9.0,9
2250,49647,eval_idx03,9.0,9
2250,49647,eval_idx04,9.0,9
2250,49647,eval_idx05,10.0,10
2250,49647,eval_idx06,9.0,9
2250,49647,eval_idx07,9.0,9
2250,49647,eval_idx08,10.0,10
2250,49647,eval_idx09,10.0,10
2300,50567,eval_idx00,10.0,10
2300,50567,eval_idx01,8.0,8
2300,50567,eval_idx02,9.0,9
2300,50567,eval_idx03,9.0,9
2300,50567,eval_idx04,9.0,9
2300,50567,eval_idx05,10.0,10
2300,50567,eval_idx06,9.0,9
2300,50567,eval_idx07,9.0,9
2300,50567,eval_idx08,10.0,10
2300,50567,eval_idx09,10.0,10
2350,51667,eval_idx00,10.0,10
2350,51667,eval_idx01,8.0,8
2350,51667,eval_idx02,9.0,9
2350,51667,eval_idx03,9.0,9
2350,51667,eval_idx04,10.0,10
2350,51667,eval_idx05,12.0,12
2350,51667,eval_idx06,9.0,9
2350,51667,eval_idx07,9.0,9
2350,51667,eval_idx08,15.0,15
2350,51667,eval_idx09,11.0,11
2400,52807,eval_idx00,10.0,10
2400,52807,eval_idx01,8.0,8
2400,52807,eval_idx02,9.0,9
2400,52807,eval_idx03,9.0,9
2400,52807,eval_idx04,9.0,9
2400,52807,eval_idx05,10.0,10
2400,52807,eval_idx06,9.0,9
2400,52807,eval_idx07,9.0,9
2400,52807,eval_idx08,10.0,10
2400,52807,eval_idx09,10.0,10
2450,53830,eval_idx00,31.0,31
2450,53830,eval_idx01,19.0,19
2450,53830,eval_idx02,26.0,26
2450,53830,eval_idx03,27.0,27
2450,53830,eval_idx04,105.0,105
2450,53830,eval_idx05,57.0,57
2450,53830,eval_idx06,33.0,33
2450,53830,eval_idx07,12.0,12
2450,53830,eval_idx08,82.0,82
2450,53830,eval_idx09,76.0,76
2500,54977,eval_idx00,18.0,18
2500,54977,eval_idx01,16.0,16
2500,54977,eval_idx02,18.0,18
2500,54977,eval_idx03,25.0,25
2500,54977,eval_idx04,37.0,37
2500,54977,eval_idx05,61.0,61
2500,54977,eval_idx06,29.0,29
2500,54977,eval_idx07,9.0,9
2500,54977,eval_idx08,63.0,63
2500,54977,eval_idx09,95.0,95
2550,56063,eval_idx00,63.0,63
2550,56063,eval_idx01,34.0,34
2550,56063,eval_idx02,33.0,33
2550,56063,eval_idx03,39.0,39
2550,56063,eval_idx04,73.0,73
2550,56063,eval_idx05,56.0,56
2550,56063,eval_idx06,67.0,67
2550,56063,eval_idx07,19.0,19
2550,56063,eval_idx08,57.0,57
2550,56063,eval_idx09,69.0,69
2600,57404,eval_idx00,43.0,43
2600,57404,eval_idx01,54.0,54
2600,57404,eval_idx02,51.0,51
2600,57404,eval_idx03,49.0,49
2600,57404,eval_idx04,54.0,54
2600,57404,eval_idx05,37.0,37
2600,57404,eval_idx06,46.0,46
2600,57404,eval_idx07,87.0,87
2600,57404,eval_idx08,40.0,40
2600,57404,eval_idx09,37.0,37
2650,58739,eval_idx00,41.0,41
2650,58739,eval_idx01,75.0,75
2650,58739,eval_idx02,48.0,48
2650,58739,eval_idx03,47.0,47
2650,58739,eval_idx04,52.0,52
2650,58739,eval_idx05,35.0,35
2650,58739,eval_idx06,43.0,43
2650,58739,eval_idx07,70.0,70
2650,58739,eval_idx08,37.0,37
2650,58739,eval_idx09,34.0,34
2700,60307,eval_idx00,40.0,40
2700,60307,eval_idx01,101.0,101
2700,60307,eval_idx02,48.0,48
2700,60307,eval_idx03,47.0,47
2700,60307,eval_idx04,50.0,50
2700,60307,eval_idx05,34.0,34
2700,60307,eval_idx06,43.0,43
2700,60307,eval_idx07,62.0,62
2700,60307,eval_idx08,37.0,37
2700,60307,eval_idx09,34.0,34
2750,61906,eval_idx00,137.0,137
2750,61906,eval_idx01,49.0,49
2750,61906,eval_idx02,107.0,107
2750,61906,eval_idx03,81.0,81
2750,61906,eval_idx04,57.0,57
2750,61906,eval_idx05,55.0,55
2750,61906,eval_idx06,71.0,71
2750,61906,eval_idx07,30.0,30
2750,61906,eval_idx08,45.0,45
2750,61906,eval_idx09,44.0,44
2800,63438,eval_idx00,69.0,69
2800,63438,eval_idx01,48.0,48
2800,63438,eval_idx02,87.0,87
2800,63438,eval_idx03,72.0,72
2800,63438,eval_idx04,57.0,57
2800,63438,eval_idx05,46.0,46
2800,63438,eval_idx06,65.0,65
2800,63438,eval_idx07,31.0,31
2800,63438,eval_idx08,44.0,44
2800,63438,eval_idx09,41.0,41
2850,65093,eval_idx00,36.0,36
2850,65093,eval_idx01,52.0,52
2850,65093,eval_idx02,44.0,44
2850,65093,eval_idx03,43.0,43
2850,65093,eval_idx04,40.0,40
2850,65093,eval_idx05,31.0,31
2850,65093,eval_idx06,40.0,40
2850,65093,eval_idx07,58.0,58
2850,65093,eval_idx08,35.0,35
2850,65093,eval_idx09,32.0,32
2900,66657,eval_idx00,30.0,30
2900,66657,eval_idx01,38.0,38
2900,66657,eval_idx02,34.0,34
2900,66657,eval_idx03,35.0,35
2900,66657,eval_idx04,30.0,30
2900,66657,eval_idx05,27.0,27
2900,66657,eval_idx06,34.0,34
2900,66657,eval_idx07,52.0,52
2900,66657,eval_idx08,29.0,29
2900,66657,eval_idx09,26.0,26
2950,67926,eval_idx00,41.0,41
2950,67926,eval_idx01,76.0,76
2950,67926,eval_idx02,48.0,48
2950,67926,eval_idx03,49.0,49
2950,67926,eval_idx04,54.0,54
2950,67926,eval_idx05,35.0,35
2950,67926,eval_idx06,45.0,45
2950,67926,eval_idx07,79.0,79
2950,67926,eval_idx08,37.0,37
2950,67926,eval_idx09,35.0,35
3000,69284,eval_idx00,38.0,38
3000,69284,eval_idx01,57.0,57
3000,69284,eval_idx02,44.0,44
3000,69284,eval_idx03,43.0,43
3000,69284,eval_idx04,40.0,40
3000,69284,eval_idx05,31.0,31
3000,69284,eval_idx06,41.0,41
3000,69284,eval_idx07,58.0,58
3000,69284,eval_idx08,35.0,35
3000,69284,eval_idx09,32.0,32
3050,70926,eval_idx00,40.0,40
3050,70926,eval_idx01,131.0,131
3050,70926,eval_idx02,45.0,45
3050,70926,eval_idx03,45.0,45
3050,70926,eval_idx04,50.0,50
3050,70926,eval_idx05,33.0,33
3050,70926,eval_idx06,41.0,41
3050,70926,eval_idx07,61.0,61
3050,70926,eval_idx08,37.0,37
3050,70926,eval_idx09,32.0,32
3100,72537,eval_idx00,30.0,30
3100,72537,eval_idx01,38.0,38
3100,72537,eval_idx02,34.0,34
3100,72537,eval_idx03,33.0,33
3100,72537,eval_idx04,30.0,30
3100,72537,eval_idx05,27.0,27
3100,72537,eval_idx06,32.0,32
3100,72537,eval_idx07,52.0,52
3100,72537,eval_idx08,26.0,26
3100,72537,eval_idx09,26.0,26
3150,73929,eval_idx00,24.0,24
3150,73929,eval_idx01,33.0,33
3150,73929,eval_idx02,25.0,25
3150,73929,eval_idx03,26.0,26
3150,73929,eval_idx04,27.0,27
3150,73929,eval_idx05,21.0,21
3150,73929,eval_idx06,26.0,26
3150,73929,eval_idx07,32.0,32
3150,73929,eval_idx08,23.0,23
3150,73929,eval_idx09,21.0,21
3200,75492,eval_idx00,28.0,28
3200,75492,eval_idx01,33.0,33
3200,75492,eval_idx02,29.0,29
3200,75492,eval_idx03,28.0,28
3200,75492,eval_idx04,28.0,28
3200,75492,eval_idx05,24.0,24
3200,75492,eval_idx06,28.0,28
3200,75492,eval_idx07,37.0,37
3200,75492,eval_idx08,24.0,24
3200,75492,eval_idx09,23.0,23
3250,77114,eval_idx00,24.0,24
3250,77114,eval_idx01,32.0,32
3250,77114,eval_idx02,25.0,25
3250,77114,eval_idx03,26.0,26
3250,77114,eval_idx04,27.0,27
3250,77114,eval_idx05,21.0,21
3250,77114,eval_idx06,25.0,25
3250,77114,eval_idx07,32.0,32
3250,77114,eval_idx08,23.0,23
3250,77114,eval_idx09,21.0,21
3300,78601,eval_idx00,24.0,24
3300,78601,eval_idx01,32.0,32
3300,78601,eval_idx02,25.0,25
3300,78601,eval_idx03,26.0,26
3300,78601,eval_idx04,27.0,27
3300,78601,eval_idx05,21.0,21
3300,78601,eval_idx06,25.0,25
3300,78601,eval_idx07,32.0,32
3300,78601,eval_idx08,23.0,23
3300,78601,eval_idx09,21.0,21
3350,80339,eval_idx00,30.0,30
3350,80339,eval_idx01,36.0,36
3350,80339,eval_idx02,32.0,32
3350,80339,eval_idx03,32.0,32
3350,80339,eval_idx04,30.0,30
3350,80339,eval_idx05,27.0,27
3350,80339,eval_idx06,32.0,32
3350,80339,eval_idx07,52.0,52
3350,80339,eval_idx08,26.0,26
3350,80339,eval_idx09,24.0,24
3400,81744,eval_idx00,26.0,26
3400,81744,eval_idx01,36.0,36
3400,81744,eval_idx02,29.0,29
3400,81744,eval_idx03,28.0,28
3400,81744,eval_idx04,28.0,28
3400,81744,eval_idx05,24.0,24
3400,81744,eval_idx06,28.0,28
3400,81744,eval_idx07,40.0,40
3400,81744,eval_idx08,24.0,24
3400,81744,eval_idx09,23.0,23
3450,83196,eval_idx00,23.0,23
3450,83196,eval_idx01,32.0,32
3450,83196,eval_idx02,25.0,25
3450,83196,eval_idx03,26.0,26
3450,83196,eval_idx04,27.0,27
3450,83196,eval_idx05,20.0,20
3450,83196,eval_idx06,25.0,25
3450,83196,eval_idx07,32.0,32
3450,83196,eval_idx08,23.0,23
3450,83196,eval_idx09,20.0,20
3500,84502,eval_idx00,24.0,24
3500,84502,eval_idx01,33.0,33
3500,84502,eval_idx02,25.0,25
3500,84502,eval_idx03,26.0,26
3500,84502,eval_idx04,27.0,27
3500,84502,eval_idx05,21.0,21
3500,84502,eval_idx06,25.0,25
3500,84502,eval_idx07,34.0,34
3500,84502,eval_idx08,23.0,23
3500,84502,eval_idx09,21.0,21
3550,85968,eval_idx00,24.0,24
3550,85968,eval_idx01,33.0,33
3550,85968,eval_idx02,25.0,25
3550,85968,eval_idx03,26.0,26
3550,85968,eval_idx04,27.0,27
3550,85968,eval_idx05,21.0,21
3550,85968,eval_idx06,26.0,26
3550,85968,eval_idx07,35.0,35
3550,85968,eval_idx08,23.0,23
3550,85968,eval_idx09,21.0,21
3600,87152,eval_idx00,24.0,24
3600,87152,eval_idx01,33.0,33
3600,87152,eval_idx02,25.0,25
3600,87152,eval_idx03,26.0,26
3600,87152,eval_idx04,27.0,27
3600,87152,eval_idx05,21.0,21
3600,87152,eval_idx06,26.0,26
3600,87152,eval_idx07,35.0,35
3600,87152,eval_idx08,23.0,23
3600,87152,eval_idx09,21.0,21
3650,88526,eval_idx00,24.0,24
3650,88526,eval_idx01,33.0,33
3650,88526,eval_idx02,27.0,27
3650,88526,eval_idx03,26.0,26
3650,88526,eval_idx04,27.0,27
3650,88526,eval_idx05,21.0,21
3650,88526,eval_idx06,26.0,26
3650,88526,eval_idx07,35.0,35
3650,88526,eval_idx08,23.0,23
3650,88526,eval_idx09,21.0,21
3700,90040,eval_idx00,23.0,23
3700,90040,eval_idx01,32.0,32
3700,90040,eval_idx02,25.0,25
3700,90040,eval_idx03,26.0,26
3700,90040,eval_idx04,25.0,25
3700,90040,eval_idx05,20.0,20
3700,90040,eval_idx06,25.0,25
3700,90040,eval_idx07,32.0,32
3700,90040,eval_idx08,23.0,23
3700,90040,eval_idx09,20.0,20
3750,91388,eval_idx00,24.0,24
3750,91388,eval_idx01,33.0,33
3750,91388,eval_idx02,25.0,25
3750,91388,eval_idx03,26.0,26
3750,91388,eval_idx04,27.0,27
3750,91388,eval_idx05,21.0,21
3750,91388,eval_idx06,25.0,25
3750,91388,eval_idx07,34.0,34
3750,91388,eval_idx08,23.0,23
3750,91388,eval_idx09,21.0,21
3800,92781,eval_idx00,30.0,30
3800,92781,eval_idx01,36.0,36
3800,92781,eval_idx02,32.0,32
3800,92781,eval_idx03,32.0,32
3800,92781,eval_idx04,30.0,30
3800,92781,eval_idx05,27.0,27
3800,92781,eval_idx06,32.0,32
3800,92781,eval_idx07,54.0,54
3800,92781,eval_idx08,26.0,26
3800,92781,eval_idx09,26.0,26
3850,94147,eval_idx00,28.0,28
3850,94147,eval_idx01,36.0,36
3850,94147,eval_idx02,30.0,30
3850,94147,eval_idx03,32.0,32
3850,94147,eval_idx04,28.0,28
3850,94147,eval_idx05,24.0,24
3850,94147,eval_idx06,30.0,30
3850,94147,eval_idx07,45.0,45
3850,94147,eval_idx08,26.0,26
3850,94147,eval_idx09,24.0,24
3900,95518,eval_idx00,24.0,24
3900,95518,eval_idx01,33.0,33
3900,95518,eval_idx02,25.0,25
3900,95518,eval_idx03,26.0,26
3900,95518,eval_idx04,27.0,27
3900,95518,eval_idx05,21.0,21
3900,95518,eval_idx06,25.0,25
3900,95518,eval_idx07,34.0,34
3900,95518,eval_idx08,23.0,23
3900,95518,eval_idx09,21.0,21
3950,97074,eval_idx00,21.0,21
3950,97074,eval_idx01,27.0,27
3950,97074,eval_idx02,24.0,24
3950,97074,eval_idx03,25.0,25
3950,97074,eval_idx04,24.0,24
3950,97074,eval_idx05,19.0,19
3950,97074,eval_idx06,23.0,23
3950,97074,eval_idx07,29.0,29
3950,97074,eval_idx08,20.0,20
3950,97074,eval_idx09,20.0,20
4000,98464,eval_idx00,21.0,21
4000,98464,eval_idx01,31.0,31
4000,98464,eval_idx02,24.0,24
4000,98464,eval_idx03,25.0,25
4000,98464,eval_idx04,24.0,24
4000,98464,eval_idx05,19.0,19
4000,98464,eval_idx06,23.0,23
4000,98464,eval_idx07,29.0,29
4000,98464,eval_idx08,21.0,21
4000,98464,eval_idx09,20.0,20
4050,99759,eval_idx00,24.0,24
4050,99759,eval_idx01,33.0,33
4050,99759,eval_idx02,25.0,25
4050,99759,eval_idx03,26.0,26
4050,99759,eval_idx04,27.0,27
4050,99759,eval_idx05,21.0,21
4050,99759,eval_idx06,25.0,25
4050,99759,eval_idx07,34.0,34
4050,99759,eval_idx08,23.0,23
4050,99759,eval_idx09,21.0,21
4100,101101,eval_idx00,24.0,24
4100,101101,eval_idx01,33.0,33
4100,101101,eval_idx02,25.0,25
4100,101101,eval_idx03,26.0,26
4100,101101,eval_idx04,27.0,27
4100,101101,eval_idx05,21.0,21
4100,101101,eval_idx06,26.0,26
4100,101101,eval_idx07,34.0,34
4100,101101,eval_idx08,23.0,23
4100,101101,eval_idx09,21.0,21
4150,102379,eval_idx00,24.0,24
4150,102379,eval_idx01,33.0,33
4150,102379,eval_idx02,27.0,27
4150,102379,eval_idx03,28.0,28
4150,102379,eval_idx04,28.0,28
4150,102379,eval_idx05,21.0,21
4150,102379,eval_idx06,27.0,27
4150,102379,eval_idx07,38.0,38
4150,102379,eval_idx08,24.0,24
4150,102379,eval_idx09,21.0,21
4200,103960,eval_idx00,28.0,28
4200,103960,eval_idx01,36.0,36
4200,103960,eval_idx02,30.0,30
4200,103960,eval_idx03,30.0,30
4200,103960,eval_idx04,28.0,28
4200,103960,eval_idx05,24.0,24
4200,103960,eval_idx06,28.0,28
4200,103960,eval_idx07,45.0,45
4200,103960,eval_idx08,26.0,26
4200,103960,eval_idx09,23.0,23
4250,105344,eval_idx00,30.0,30
4250,105344,eval_idx01,38.0,38
4250,105344,eval_idx02,34.0,34
4250,105344,eval_idx03,35.0,35
4250,105344,eval_idx04,30.0,30
4250,105344,eval_idx05,27.0,27
4250,105344,eval_idx06,34.0,34
4250,105344,eval_idx07,54.0,54
4250,105344,eval_idx08,28.0,28
4250,105344,eval_idx09,26.0,26
4300,106904,eval_idx00,30.0,30
4300,106904,eval_idx01,38.0,38
4300,106904,eval_idx02,34.0,34
4300,106904,eval_idx03,35.0,35
4300,106904,eval_idx04,30.0,30
4300,106904,eval_idx05,27.0,27
4300,106904,eval_idx06,34.0,34
4300,106904,eval_idx07,54.0,54
4300,106904,eval_idx08,28.0,28
4300,106904,eval_idx09,26.0,26
4350,108465,eval_idx00,26.0,26
4350,108465,eval_idx01,36.0,36
4350,108465,eval_idx02,27.0,27
4350,108465,eval_idx03,28.0,28
4350,108465,eval_idx04,28.0,28
4350,108465,eval_idx05,23.0,23
4350,108465,eval_idx06,28.0,28
4350,108465,eval_idx07,38.0,38
4350,108465,eval_idx08,24.0,24
4350,108465,eval_idx09,23.0,23
4400,109877,eval_idx00,28.0,28
4400,109877,eval_idx01,36.0,36
4400,109877,eval_idx02,30.0,30
4400,109877,eval_idx03,30.0,30
4400,109877,eval_idx04,30.0,30
4400,109877,eval_idx05,25.0,25
4400,109877,eval_idx06,30.0,30
4400,109877,eval_idx07,52.0,52
4400,109877,eval_idx08,26.0,26
4400,109877,eval_idx09,24.0,24
4450,111504,eval_idx00,24.0,24
4450,111504,eval_idx01,33.0,33
4450,111504,eval_idx02,27.0,27
4450,111504,eval_idx03,26.0,26
4450,111504,eval_idx04,27.0,27
4450,111504,eval_idx05,21.0,21
4450,111504,eval_idx06,26.0,26
4450,111504,eval_idx07,34.0,34
4450,111504,eval_idx08,23.0,23
4450,111504,eval_idx09,21.0,21
4500,113085,eval_idx00,26.0,26
4500,113085,eval_idx01,36.0,36
4500,113085,eval_idx02,30.0,30
4500,113085,eval_idx03,30.0,30
4500,113085,eval_idx04,28.0,28
4500,113085,eval_idx05,24.0,24
4500,113085,eval_idx06,28.0,28
4500,113085,eval_idx07,40.0,40
4500,113085,eval_idx08,24.0,24
4500,113085,eval_idx09,23.0,23
4550,114672,eval_idx00,28.0,28
4550,114672,eval_idx01,36.0,36
4550,114672,eval_idx02,30.0,30
4550,114672,eval_idx03,30.0,30
4550,114672,eval_idx04,30.0,30
4550,114672,eval_idx05,25.0,25
4550,114672,eval_idx06,30.0,30
4550,114672,eval_idx07,46.0,46
4550,114672,eval_idx08,26.0,26
4550,114672,eval_idx09,24.0,24
4600,116069,eval_idx00,24.0,24
4600,116069,eval_idx01,33.0,33
4600,116069,eval_idx02,25.0,25
4600,116069,eval_idx03,26.0,26
4600,116069,eval_idx04,27.0,27
4600,116069,eval_idx05,21.0,21
4600,116069,eval_idx06,26.0,26
4600,116069,eval_idx07,34.0,34
4600,116069,eval_idx08,23.0,23
4600,116069,eval_idx09,21.0,21
4650,117492,eval_idx00,26.0,26
4650,117492,eval_idx01,36.0,36
4650,117492,eval_idx02,30.0,30
4650,117492,eval_idx03,28.0,28
4650,117492,eval_idx04,28.0,28
4650,117492,eval_idx05,24.0,24
4650,117492,eval_idx06,28.0,28
4650,117492,eval_idx07,40.0,40
4650,117492,eval_idx08,24.0,24
4650,117492,eval_idx09,23.0,23
4700,119023,eval_idx00,28.0,28
4700,119023,eval_idx01,36.0,36
4700,119023,eval_idx02,30.0,30
4700,119023,eval_idx03,30.0,30
4700,119023,eval_idx04,28.0,28
4700,119023,eval_idx05,24.0,24
4700,119023,eval_idx06,28.0,28
4700,119023,eval_idx07,45.0,45
4700,119023,eval_idx08,26.0,26
4700,119023,eval_idx09,23.0,23
4750,120998,eval_idx00,30.0,30
4750,120998,eval_idx01,38.0,38
4750,120998,eval_idx02,34.0,34
4750,120998,eval_idx03,33.0,33
4750,120998,eval_idx04,30.0,30
4750,120998,eval_idx05,27.0,27
4750,120998,eval_idx06,30.0,30
4750,120998,eval_idx07,54.0,54
4750,120998,eval_idx08,26.0,26
4750,120998,eval_idx09,26.0,26
4800,122626,eval_idx00,34.0,34
4800,122626,eval_idx01,42.0,42
4800,122626,eval_idx02,42.0,42
4800,122626,eval_idx03,40.0,40
4800,122626,eval_idx04,36.0,36
4800,122626,eval_idx05,28.0,28
4800,122626,eval_idx06,37.0,37
4800,122626,eval_idx07,57.0,57
4800,122626,eval_idx08,32.0,32
4800,122626,eval_idx09,28.0,28
4850,124842,eval_idx00,41.0,41
4850,124842,eval_idx01,93.0,93
4850,124842,eval_idx02,47.0,47
4850,124842,eval_idx03,45.0,45
4850,124842,eval_idx04,50.0,50
4850,124842,eval_idx05,33.0,33
4850,124842,eval_idx06,43.0,43
4850,124842,eval_idx07,66.0,66
4850,124842,eval_idx08,37.0,37
4850,124842,eval_idx09,34.0,34
4900,126801,eval_idx00,36.0,36
4900,126801,eval_idx01,51.0,51
4900,126801,eval_idx02,42.0,42
4900,126801,eval_idx03,42.0,42
4900,126801,eval_idx04,40.0,40
4900,126801,eval_idx05,30.0,30
4900,126801,eval_idx06,39.0,39
4900,126801,eval_idx07,58.0,58
4900,126801,eval_idx08,35.0,35
4900,126801,eval_idx09,30.0,30
4950,128640,eval_idx00,38.0,38
4950,128640,eval_idx01,63.0,63
4950,128640,eval_idx02,44.0,44
4950,128640,eval_idx03,44.0,44
4950,128640,eval_idx04,45.0,45
4950,128640,eval_idx05,30.0,30
4950,128640,eval_idx06,41.0,41
4950,128640,eval_idx07,62.0,62
4950,128640,eval_idx08,35.0,35
4950,128640,eval_idx09,32.0,32
5000,130699,eval_idx00,38.0,38
5000,130699,eval_idx01,63.0,63
5000,130699,eval_idx02,44.0,44
5000,130699,eval_idx03,45.0,45
5000,130699,eval_idx04,45.0,45
5000,130699,eval_idx05,33.0,33
5000,130699,eval_idx06,41.0,41
5000,130699,eval_idx07,62.0,62
5000,130699,eval_idx08,37.0,37
5000,130699,eval_idx09,32.0,32
5050,132700,eval_idx00,38.0,38
5050,132700,eval_idx01,63.0,63
5050,132700,eval_idx02,44.0,44
5050,132700,eval_idx03,45.0,45
5050,132700,eval_idx04,50.0,50
5050,132700,eval_idx05,33.0,33
5050,132700,eval_idx06,41.0,41
5050,132700,eval_idx07,62.0,62
5050,132700,eval_idx08,37.0,37
5050,132700,eval_idx09,32.0,32
5100,134921,eval_idx00,36.0,36
5100,134921,eval_idx01,46.0,46
5100,134921,eval_idx02,42.0,42
5100,134921,eval_idx03,42.0,42
5100,134921,eval_idx04,37.0,37
5100,134921,eval_idx05,30.0,30
5100,134921,eval_idx06,39.0,39
5100,134921,eval_idx07,58.0,58
5100,134921,eval_idx08,35.0,35
5100,134921,eval_idx09,30.0,30
5150,136854,eval_idx00,41.0,41
5150,136854,eval_idx01,82.0,82
5150,136854,eval_idx02,47.0,47
5150,136854,eval_idx03,47.0,47
5150,136854,eval_idx04,52.0,52
5150,136854,eval_idx05,33.0,33
5150,136854,eval_idx06,43.0,43
5150,136854,eval_idx07,66.0,66
5150,136854,eval_idx08,37.0,37
5150,136854,eval_idx09,34.0,34
5200,139079,eval_idx00,40.0,40
5200,139079,eval_idx01,66.0,66
5200,139079,eval_idx02,44.0,44
5200,139079,eval_idx03,45.0,45
5200,139079,eval_idx04,50.0,50
5200,139079,eval_idx05,33.0,33
5200,139079,eval_idx06,41.0,41
5200,139079,eval_idx07,62.0,62
5200,139079,eval_idx08,37.0,37
5200,139079,eval_idx09,34.0,34
5250,141109,eval_idx00,41.0,41
5250,141109,eval_idx01,125.0,125
5250,141109,eval_idx02,48.0,48
5250,141109,eval_idx03,49.0,49
5250,141109,eval_idx04,54.0,54
5250,141109,eval_idx05,35.0,35
5250,141109,eval_idx06,45.0,45
5250,141109,eval_idx07,68.0,68
5250,141109,eval_idx08,37.0,37
5250,141109,eval_idx09,34.0,34
5300,143479,eval_idx00,41.0,41
5300,143479,eval_idx01,89.0,89
5300,143479,eval_idx02,48.0,48
5300,143479,eval_idx03,47.0,47
5300,143479,eval_idx04,54.0,54
5300,143479,eval_idx05,35.0,35
5300,143479,eval_idx06,43.0,43
5300,143479,eval_idx07,68.0,68
5300,143479,eval_idx08,37.0,37
5300,143479,eval_idx09,34.0,34
5350,145821,eval_idx00,47.0,47
5350,145821,eval_idx01,97.0,97
5350,145821,eval_idx02,52.0,52
5350,145821,eval_idx03,53.0,53
5350,145821,eval_idx04,57.0,57
5350,145821,eval_idx05,39.0,39
5350,145821,eval_idx06,49.0,49
5350,145821,eval_idx07,144.0,144
5350,145821,eval_idx08,42.0,42
5350,145821,eval_idx09,39.0,39
5400,148158,eval_idx00,52.0,52
5400,148158,eval_idx01,87.0,87
5400,148158,eval_idx02,56.0,56
5400,148158,eval_idx03,58.0,58
5400,148158,eval_idx04,59.0,59
5400,148158,eval_idx05,42.0,42
5400,148158,eval_idx06,54.0,54
5400,148158,eval_idx07,122.0,122
5400,148158,eval_idx08,45.0,45
5400,148158,eval_idx09,43.0,43
5450,150656,eval_idx00,59.0,59
5450,150656,eval_idx01,74.0,74
5450,150656,eval_idx02,62.0,62
5450,150656,eval_idx03,63.0,63
5450,150656,eval_idx04,62.0,62
5450,150656,eval_idx05,45.0,45
5450,150656,eval_idx06,59.0,59
5450,150656,eval_idx07,102.0,102
5450,150656,eval_idx08,48.0,48
5450,150656,eval_idx09,44.0,44
5500,153519,eval_idx00,205.0,205
5500,153519,eval_idx01,66.0,66
5500,153519,eval_idx02,159.0,159
5500,153519,eval_idx03,135.0,135
5500,153519,eval_idx04,74.0,74
5500,153519,eval_idx05,60.0,60
5500,153519,eval_idx06,105.0,105
5500,153519,eval_idx07,48.0,48
5500,153519,eval_idx08,60.0,60
5500,153519,eval_idx09,61.0,61
5550,156198,eval_idx00,99.0,99
5550,156198,eval_idx01,64.0,64
5550,156198,eval_idx02,131.0,131
5550,156198,eval_idx03,174.0,174
5550,156198,eval_idx04,130.0,130
5550,156198,eval_idx05,64.0,64
5550,156198,eval_idx06,165.0,165
5550,156198,eval_idx07,45.0,45
5550,156198,eval_idx08,103.0,103
5550,156198,eval_idx09,117.0,117
5600,159637,eval_idx00,72.0,72
5600,159637,eval_idx01,63.0,63
5600,159637,eval_idx02,66.0,66
5600,159637,eval_idx03,65.0,65
5600,159637,eval_idx04,184.0,184
5600,159637,eval_idx05,67.0,67
5600,159637,eval_idx06,99.0,99
5600,159637,eval_idx07,41.0,41
5600,159637,eval_idx08,135.0,135
5600,159637,eval_idx09,147.0,147
5650,162517,eval_idx00,85.0,85
5650,162517,eval_idx01,64.0,64
5650,162517,eval_idx02,112.0,112
5650,162517,eval_idx03,85.0,85
5650,162517,eval_idx04,157.0,157
5650,162517,eval_idx05,66.0,66
5650,162517,eval_idx06,100.0,100
5650,162517,eval_idx07,45.0,45
5650,162517,eval_idx08,126.0,126
5650,162517,eval_idx09,139.0,139
5700,165529,eval_idx00,101.0,101
5700,165529,eval_idx01,66.0,66
5700,165529,eval_idx02,145.0,145
5700,165529,eval_idx03,189.0,189
5700,165529,eval_idx04,135.0,135
5700,165529,eval_idx05,66.0,66
5700,165529,eval_idx06,177.0,177
5700,165529,eval_idx07,46.0,46
5700,165529,eval_idx08,117.0,117
5700,165529,eval_idx09,124.0,124
5750,168566,eval_idx00,153.0,153
5750,168566,eval_idx01,69.0,69
5750,168566,eval_idx02,246.0,246
5750,168566,eval_idx03,231.0,231
5750,168566,eval_idx04,88.0,88
5750,168566,eval_idx05,64.0,64
5750,168566,eval_idx06,143.0,143
5750,168566,eval_idx07,52.0,52
5750,168566,eval_idx08,97.0,97
5750,168566,eval_idx09,112.0,112
5800,171523,eval_idx00,65.0,65
5800,171523,eval_idx01,46.0,46
5800,171523,eval_idx02,54.0,54
5800,171523,eval_idx03,57.0,57
5800,171523,eval_idx04,79.0,79
5800,171523,eval_idx05,88.0,88
5800,171523,eval_idx06,62.0,62
5800,171523,eval_idx07,40.0,40
5800,171523,eval_idx08,82.0,82
5800,171523,eval_idx09,264.0,264
5850,174173,eval_idx00,70.0,70
5850,174173,eval_idx01,53.0,53
5850,174173,eval_idx02,68.0,68
5850,174173,eval_idx03,65.0,65
5850,174173,eval_idx04,354.0,354
5850,174173,eval_idx05,73.0,73
5850,174173,eval_idx06,73.0,73
5850,174173,eval_idx07,43.0,43
5850,174173,eval_idx08,201.0,201
5850,174173,eval_idx09,175.0,175
5900,177139,eval_idx00,75.0,75
5900,177139,eval_idx01,67.0,67
5900,177139,eval_idx02,71.0,71
5900,177139,eval_idx03,67.0,67
5900,177139,eval_idx04,241.0,241
5900,177139,eval_idx05,74.0,74
5900,177139,eval_idx06,74.0,74
5900,177139,eval_idx07,46.0,46
5900,177139,eval_idx08,169.0,169
5900,177139,eval_idx09,160.0,160
5950,180269,eval_idx00,68.0,68
5950,180269,eval_idx01,55.0,55
5950,180269,eval_idx02,62.0,62
5950,180269,eval_idx03,58.0,58
5950,180269,eval_idx04,167.0,167
5950,180269,eval_idx05,94.0,94
5950,180269,eval_idx06,64.0,64
5950,180269,eval_idx07,43.0,43
5950,180269,eval_idx08,290.0,290
5950,180269,eval_idx09,238.0,238
6000,183176,eval_idx00,59.0,59
6000,183176,eval_idx01,41.0,41
6000,183176,eval_idx02,49.0,49
6000,183176,eval_idx03,50.0,50
6000,183176,eval_idx04,54.0,54
6000,183176,eval_idx05,120.0,120
6000,183176,eval_idx06,52.0,52
6000,183176,eval_idx07,39.0,39
6000,183176,eval_idx08,64.0,64
6000,183176,eval_idx09,117.0,117
6050,185958,eval_idx00,72.0,72
6050,185958,eval_idx01,56.0,56
6050,185958,eval_idx02,63.0,63
6050,185958,eval_idx03,68.0,68
6050,185958,eval_idx04,254.0,254
6050,185958,eval_idx05,83.0,83
6050,185958,eval_idx06,76.0,76
6050,185958,eval_idx07,47.0,47
6050,185958,eval_idx08,359.0,359
6050,185958,eval_idx09,242.0,242
6100,189349,eval_idx00,95.0,95
6100,189349,eval_idx01,74.0,74
6100,189349,eval_idx02,155.0,155
6100,189349,eval_idx03,95.0,95
6100,189349,eval_idx04,208.0,208
6100,189349,eval_idx05,77.0,77
6100,189349,eval_idx06,109.0,109
6100,189349,eval_idx07,53.0,53
6100,189349,eval_idx08,164.0,164
6100,189349,eval_idx09,165.0,165
6150,192469,eval_idx00,75.0,75
6150,192469,eval_idx01,58.0,58
6150,192469,eval_idx02,66.0,66
6150,192469,eval_idx03,65.0,65
6150,192469,eval_idx04,199.0,199
6150,192469,eval_idx05,98.0,98
6150,192469,eval_idx06,71.0,71
6150,192469,eval_idx07,49.0,49
6150,192469,eval_idx08,435.0,435
6150,192469,eval_idx09,264.0,264
6200,196251,eval_idx00,272.0,272
6200,196251,eval_idx01,85.0,85
6200,196251,eval_idx02,322.0,322
6200,196251,eval_idx03,226.0,226
6200,196251,eval_idx04,93.0,93
6200,196251,eval_idx05,71.0,71
6200,196251,eval_idx06,152.0,152
6200,196251,eval_idx07,76.0,76
6200,196251,eval_idx08,116.0,116
6200,196251,eval_idx09,128.0,128
6250,200246,eval_idx00,88.0,88
6250,200246,eval_idx01,79.0,79
6250,200246,eval_idx02,78.0,78
6250,200246,eval_idx03,78.0,78
6250,200246,eval_idx04,384.0,384
6250,200246,eval_idx05,83.0,83
6250,200246,eval_idx06,82.0,82
6250,200246,eval_idx07,55.0,55
6250,200246,eval_idx08,210.0,210
6250,200246,eval_idx09,197.0,197
6300,203561,eval_idx00,88.0,88
6300,203561,eval_idx01,80.0,80
6300,203561,eval_idx02,85.0,85
6300,203561,eval_idx03,80.0,80
6300,203561,eval_idx04,500.0,500
6300,203561,eval_idx05,87.0,87
6300,203561,eval_idx06,91.0,91
6300,203561,eval_idx07,56.0,56
6300,203561,eval_idx08,240.0,240
6300,203561,eval_idx09,220.0,220
6350,206835,eval_idx00,70.0,70
6350,206835,eval_idx01,55.0,55
6350,206835,eval_idx02,59.0,59
6350,206835,eval_idx03,64.0,64
6350,206835,eval_idx04,74.0,74
6350,206835,eval_idx05,117.0,117
6350,206835,eval_idx06,70.0,70
6350,206835,eval_idx07,51.0,51
6350,206835,eval_idx08,76.0,76
6350,206835,eval_idx09,138.0,138
6400,210764,eval_idx00,110.0,110
6400,210764,eval_idx01,86.0,86
6400,210764,eval_idx02,203.0,203
6400,210764,eval_idx03,112.0,112
6400,210764,eval_idx04,357.0,357
6400,210764,eval_idx05,87.0,87
6400,210764,eval_idx06,126.0,126
6400,210764,eval_idx07,67.0,67
6400,210764,eval_idx08,229.0,229
6400,210764,eval_idx09,219.0,219
6450,214711,eval_idx00,112.0,112
6450,214711,eval_idx01,96.0,96
6450,214711,eval_idx02,184.0,184
6450,214711,eval_idx03,116.0,116
6450,214711,eval_idx04,319.0,319
6450,214711,eval_idx05,90.0,90
6450,214711,eval_idx06,130.0,130
6450,214711,eval_idx07,78.0,78
6450,214711,eval_idx08,215.0,215
6450,214711,eval_idx09,219.0,219
6500,219486,eval_idx00,102.0,102
6500,219486,eval_idx01,92.0,92
6500,219486,eval_idx02,95.0,95
6500,219486,eval_idx03,92.0,92
6500,219486,eval_idx04,396.0,396
6500,219486,eval_idx05,116.0,116
6500,219486,eval_idx06,102.0,102
6500,219486,eval_idx07,70.0,70
6500,219486,eval_idx08,388.0,388
6500,219486,eval_idx09,307.0,307
6550,224339,eval_idx00,95.0,95
6550,224339,eval_idx01,80.0,80
6550,224339,eval_idx02,87.0,87
6550,224339,eval_idx03,84.0,84
6550,224339,eval_idx04,106.0,106
6550,224339,eval_idx05,124.0,124
6550,224339,eval_idx06,87.0,87
6550,224339,eval_idx07,70.0,70
6550,224339,eval_idx08,109.0,109
6550,224339,eval_idx09,421.0,421
6600,229457,eval_idx00,104.0,104
6600,229457,eval_idx01,98.0,98
6600,229457,eval_idx02,190.0,190
6600,229457,eval_idx03,114.0,114
6600,229457,eval_idx04,437.0,437
6600,229457,eval_idx05,105.0,105
6600,229457,eval_idx06,104.0,104
6600,229457,eval_idx07,73.0,73
6600,229457,eval_idx08,245.0,245
6600,229457,eval_idx09,239.0,239
6650,235216,eval_idx00,435.0,435
6650,235216,eval_idx01,122.0,122
6650,235216,eval_idx02,429.0,429
6650,235216,eval_idx03,299.0,299
6650,235216,eval_idx04,189.0,189
6650,235216,eval_idx05,84.0,84
6650,235216,eval_idx06,203.0,203
6650,235216,eval_idx07,105.0,105
6650,235216,eval_idx08,149.0,149
6650,235216,eval_idx09,166.0,166
6700,241118,eval_idx00,150.0,150
6700,241118,eval_idx01,118.0,118
6700,241118,eval_idx02,282.0,282
6700,241118,eval_idx03,134.0,134
6700,241118,eval_idx04,303.0,303
6700,241118,eval_idx05,95.0,95
6700,241118,eval_idx06,149.0,149
6700,241118,eval_idx07,96.0,96
6700,241118,eval_idx08,223.0,223
6700,241118,eval_idx09,239.0,239
6750,247550,eval_idx00,450.0,450
6750,247550,eval_idx01,133.0,133
6750,247550,eval_idx02,474.0,474
6750,247550,eval_idx03,353.0,353
6750,247550,eval_idx04,223.0,223
6750,247550,eval_idx05,96.0,96
6750,247550,eval_idx06,230.0,230
6750,247550,eval_idx07,120.0,120
6750,247550,eval_idx08,192.0,192
6750,247550,eval_idx09,218.0,218
6800,255114,eval_idx00,373.0,373
6800,255114,eval_idx01,125.0,125
6800,255114,eval_idx02,500.0,500
6800,255114,eval_idx03,500.0,500
6800,255114,eval_idx04,299.0,299
6800,255114,eval_idx05,105.0,105
6800,255114,eval_idx06,288.0,288
6800,255114,eval_idx07,107.0,107
6800,255114,eval_idx08,234.0,234
6800,255114,eval_idx09,252.0,252
6850,262660,eval_idx00,125.0,125
6850,262660,eval_idx01,116.0,116
6850,262660,eval_idx02,124.0,124
6850,262660,eval_idx03,120.0,120
6850,262660,eval_idx04,397.0,397
6850,262660,eval_idx05,189.0,189
6850,262660,eval_idx06,127.0,127
6850,262660,eval_idx07,97.0,97
6850,262660,eval_idx08,500.0,500
6850,262660,eval_idx09,500.0,500
6900,271130,eval_idx00,500.0,500
6900,271130,eval_idx01,201.0,201
6900,271130,eval_idx02,500.0,500
6900,271130,eval_idx03,476.0,476
6900,271130,eval_idx04,335.0,335
6900,271130,eval_idx05,135.0,135
6900,271130,eval_idx06,317.0,317
6900,271130,eval_idx07,165.0,165
6900,271130,eval_idx08,267.0,267
6900,271130,eval_idx09,297.0,297
6950,282239,eval_idx00,500.0,500
6950,282239,eval_idx01,221.0,221
6950,282239,eval_idx02,500.0,500
6950,282239,eval_idx03,489.0,489
6950,282239,eval_idx04,341.0,341
6950,282239,eval_idx05,140.0,140
6950,282239,eval_idx06,332.0,332
6950,282239,eval_idx07,361.0,361
6950,282239,eval_idx08,291.0,291
6950,282239,eval_idx09,312.0,312
7000,295152,eval_idx00,137.0,137
7000,295152,eval_idx01,308.0,308
7000,295152,eval_idx02,284.0,284
7000,295152,eval_idx03,340.0,340
7000,295152,eval_idx04,150.0,150
7000,295152,eval_idx05,130.0,130
7000,295152,eval_idx06,280.0,280
7000,295152,eval_idx07,500.0,500
7000,295152,eval_idx08,244.0,244
7000,295152,eval_idx09,130.0,130
7050,309611,eval_idx00,174.0,174
7050,309611,eval_idx01,359.0,359
7050,309611,eval_idx02,185.0,185
7050,309611,eval_idx03,346.0,346
7050,309611,eval_idx04,189.0,189
7050,309611,eval_idx05,183.0,183
7050,309611,eval_idx06,317.0,317
7050,309611,eval_idx07,308.0,308
7050,309611,eval_idx08,171.0,171
7050,309611,eval_idx09,153.0,153
7100,324993,eval_idx00,500.0,500
7100,324993,eval_idx01,500.0,500
7100,324993,eval_idx02,500.0,500
7100,324993,eval_idx03,500.0,500
7100,324993,eval_idx04,449.0,449
7100,324993,eval_idx05,462.0,462
7100,324993,eval_idx06,500.0,500
7100,324993,eval_idx07,500.0,500
7100,324993,eval_idx08,500.0,500
7100,324993,eval_idx09,457.0,457
7150,342636,eval_idx00,401.0,401
7150,342636,eval_idx01,500.0,500
7150,342636,eval_idx02,500.0,500
7150,342636,eval_idx03,500.0,500
7150,342636,eval_idx04,500.0,500
7150,342636,eval_idx05,378.0,378
7150,342636,eval_idx06,500.0,500
7150,342636,eval_idx07,500.0,500
7150,342636,eval_idx08,500.0,500
7150,342636,eval_idx09,369.0,369
7200,366692,eval_idx00,500.0,500
7200,366692,eval_idx01,500.0,500
7200,366692,eval_idx02,500.0,500
7200,366692,eval_idx03,500.0,500
7200,366692,eval_idx04,500.0,500
7200,366692,eval_idx05,500.0,500
7200,366692,eval_idx06,500.0,500
7200,366692,eval_idx07,500.0,500
7200,366692,eval_idx08,500.0,500
7200,366692,eval_idx09,500.0,500
7250,391692,eval_idx00,500.0,500
7250,391692,eval_idx01,500.0,500
7250,391692,eval_idx02,500.0,500
7250,391692,eval_idx03,500.0,500
7250,391692,eval_idx04,500.0,500
7250,391692,eval_idx05,500.0,500
7250,391692,eval_idx06,500.0,500
7250,391692,eval_idx07,500.0,500
7250,391692,eval_idx08,500.0,500
7250,391692,eval_idx09,500.0,500
7300,416692,eval_idx00,500.0,500
7300,416692,eval_idx01,500.0,500
7300,416692,eval_idx02,500.0,500
7300,416692,eval_idx03,500.0,500
7300,416692,eval_idx04,500.0,500
7300,416692,eval_idx05,500.0,500
7300,416692,eval_idx06,500.0,500
7300,416692,eval_idx07,500.0,500
7300,416692,eval_idx08,500.0,500
7300,416692,eval_idx09,500.0,500
7350,441692,eval_idx00,500.0,500
7350,441692,eval_idx01,500.0,500
7350,441692,eval_idx02,500.0,500
7350,441692,eval_idx03,500.0,500
7350,441692,eval_idx04,500.0,500
7350,441692,eval_idx05,500.0,500
7350,441692,eval_idx06,500.0,500
7350,441692,eval_idx07,500.0,500
7350,441692,eval_idx08,500.0,500
7350,441692,eval_idx09,500.0,500
7400,466692,eval_idx00,500.0,500
7400,466692,eval_idx01,500.0,500
7400,466692,eval_idx02,500.0,500
7400,466692,eval_idx03,500.0,500
7400,466692,eval_idx04,500.0,500
7400,466692,eval_idx05,500.0,500
7400,466692,eval_idx06,500.0,500
7400,466692,eval_idx07,500.0,500
7400,466692,eval_idx08,500.0,500
7400,466692,eval_idx09,500.0,500
7450,491692,eval_idx00,500.0,500
7450,491692,eval_idx01,500.0,500
7450,491692,eval_idx02,500.0,500
7450,491692,eval_idx03,500.0,500
7450,491692,eval_idx04,500.0,500
7450,491692,eval_idx05,500.0,500
7450,491692,eval_idx06,500.0,500
7450,491692,eval_idx07,500.0,500
7450,491692,eval_idx08,500.0,500
7450,491692,eval_idx09,500.0,500
7500,516692,eval_idx00,500.0,500
7500,516692,eval_idx01,500.0,500
7500,516692,eval_idx02,500.0,500
7500,516692,eval_idx03,500.0,500
7500,516692,eval_idx04,500.0,500
7500,516692,eval_idx05,500.0,500
7500,516692,eval_idx06,500.0,500
7500,516692,eval_idx07,500.0,500
7500,516692,eval_idx08,500.0,500
7500,516692,eval_idx09,500.0,500
7550,541692,eval_idx00,500.0,500
7550,541692,eval_idx01,500.0,500
7550,541692,eval_idx02,500.0,500
7550,541692,eval_idx03,500.0,500
7550,541692,eval_idx04,500.0,500
7550,541692,eval_idx05,500.0,500
7550,541692,eval_idx06,500.0,500
7550,541692,eval_idx07,500.0,500
7550,541692,eval_idx08,500.0,500
7550,541692,eval_idx09,500.0,500
7600,566692,eval_idx00,500.0,500
7600,566692,eval_idx01,500.0,500
7600,566692,eval_idx02,500.0,500
7600,566692,eval_idx03,500.0,500
7600,566692,eval_idx04,500.0,500
7600,566692,eval_idx05,500.0,500
7600,566692,eval_idx06,500.0,500
7600,566692,eval_idx07,500.0,500
7600,566692,eval_idx08,500.0,500
7600,566692,eval_idx09,500.0,500
7650,591692,eval_idx00,500.0,500
7650,591692,eval_idx01,500.0,500
7650,591692,eval_idx02,500.0,500
7650,591692,eval_idx03,500.0,500
7650,591692,eval_idx04,500.0,500
7650,591692,eval_idx05,500.0,500
7650,591692,eval_idx06,500.0,500
7650,591692,eval_idx07,500.0,500
7650,591692,eval_idx08,500.0,500
7650,591692,eval_idx09,500.0,500
7700,616692,eval_idx00,500.0,500
7700,616692,eval_idx01,500.0,500
7700,616692,eval_idx02,500.0,500
7700,616692,eval_idx03,500.0,500
7700,616692,eval_idx04,500.0,500
7700,616692,eval_idx05,500.0,500
7700,616692,eval_idx06,500.0,500
7700,616692,eval_idx07,500.0,500
7700,616692,eval_idx08,500.0,500
7700,616692,eval_idx09,500.0,500
7750,641692,eval_idx00,500.0,500
7750,641692,eval_idx01,500.0,500
7750,641692,eval_idx02,500.0,500
7750,641692,eval_idx03,500.0,500
7750,641692,eval_idx04,500.0,500
7750,641692,eval_idx05,500.0,500
7750,641692,eval_idx06,500.0,500
7750,641692,eval_idx07,500.0,500
7750,641692,eval_idx08,500.0,500
7750,641692,eval_idx09,500.0,500
7800,666692,eval_idx00,500.0,500
7800,666692,eval_idx01,500.0,500
7800,666692,eval_idx02,500.0,500
7800,666692,eval_idx03,500.0,500
7800,666692,eval_idx04,500.0,500
7800,666692,eval_idx05,500.0,500
7800,666692,eval_idx06,500.0,500
7800,666692,eval_idx07,500.0,500
7800,666692,eval_idx08,500.0,500
7800,666692,eval_idx09,500.0,500
7850,691692,eval_idx00,500.0,500
7850,691692,eval_idx01,491.0,491
7850,691692,eval_idx02,500.0,500
7850,691692,eval_idx03,500.0,500
7850,691692,eval_idx04,500.0,500
7850,691692,eval_idx05,500.0,500
7850,691692,eval_idx06,500.0,500
7850,691692,eval_idx07,500.0,500
7850,691692,eval_idx08,500.0,500
7850,691692,eval_idx09,500.0,500
7900,716679,eval_idx00,500.0,500
7900,716679,eval_idx01,500.0,500
7900,716679,eval_idx02,500.0,500
7900,716679,eval_idx03,500.0,500
7900,716679,eval_idx04,500.0,500
7900,716679,eval_idx05,500.0,500
7900,716679,eval_idx06,500.0,500
7900,716679,eval_idx07,500.0,500
7900,716679,eval_idx08,500.0,500
7900,716679,eval_idx09,500.0,500
7950,741679,eval_idx00,500.0,500
7950,741679,eval_idx01,500.0,500
7950,741679,eval_idx02,500.0,500
7950,741679,eval_idx03,500.0,500
7950,741679,eval_idx04,500.0,500
7950,741679,eval_idx05,500.0,500
7950,741679,eval_idx06,500.0,500
7950,741679,eval_idx07,500.0,500
7950,741679,eval_idx08,500.0,500
7950,741679,eval_idx09,500.0,500
8000,766482,eval_idx00,500.0,500
8000,766482,eval_idx01,496.0,496
8000,766482,eval_idx02,500.0,500
8000,766482,eval_idx03,500.0,500
8000,766482,eval_idx04,500.0,500
8000,766482,eval_idx05,500.0,500
8000,766482,eval_idx06,500.0,500
8000,766482,eval_idx07,500.0,500
8000,766482,eval_idx08,500.0,500
8000,766482,eval_idx09,500.0,500
8050,791351,eval_idx00,500.0,500
8050,791351,eval_idx01,455.0,455
8050,791351,eval_idx02,500.0,500
8050,791351,eval_idx03,500.0,500
8050,791351,eval_idx04,500.0,500
8050,791351,eval_idx05,500.0,500
8050,791351,eval_idx06,500.0,500
8050,791351,eval_idx07,500.0,500
8050,791351,eval_idx08,500.0,500
8050,791351,eval_idx09,500.0,500
8100,816256,eval_idx00,500.0,500
8100,816256,eval_idx01,458.0,458
8100,816256,eval_idx02,500.0,500
8100,816256,eval_idx03,500.0,500
8100,816256,eval_idx04,500.0,500
8100,816256,eval_idx05,500.0,500
8100,816256,eval_idx06,500.0,500
8100,816256,eval_idx07,500.0,500
8100,816256,eval_idx08,500.0,500
8100,816256,eval_idx09,500.0,500
8150,841219,eval_idx00,500.0,500
8150,841219,eval_idx01,495.0,495
8150,841219,eval_idx02,500.0,500
8150,841219,eval_idx03,500.0,500
8150,841219,eval_idx04,500.0,500
8150,841219,eval_idx05,500.0,500
8150,841219,eval_idx06,500.0,500
8150,841219,eval_idx07,500.0,500
8150,841219,eval_idx08,500.0,500
8150,841219,eval_idx09,500.0,500
8200,866124,eval_idx00,500.0,500
8200,866124,eval_idx01,500.0,500
8200,866124,eval_idx02,500.0,500
8200,866124,eval_idx03,500.0,500
8200,866124,eval_idx04,500.0,500
8200,866124,eval_idx05,500.0,500
8200,866124,eval_idx06,500.0,500
8200,866124,eval_idx07,500.0,500
8200,866124,eval_idx08,500.0,500
8200,866124,eval_idx09,500.0,500
8250,891124,eval_idx00,500.0,500
8250,891124,eval_idx01,500.0,500
8250,891124,eval_idx02,500.0,500
8250,891124,eval_idx03,500.0,500
8250,891124,eval_idx04,500.0,500
8250,891124,eval_idx05,500.0,500
8250,891124,eval_idx06,500.0,500
8250,891124,eval_idx07,500.0,500
8250,891124,eval_idx08,500.0,500
8250,891124,eval_idx09,500.0,500
8300,916083,eval_idx00,500.0,500
8300,916083,eval_idx01,500.0,500
8300,916083,eval_idx02,500.0,500
8300,916083,eval_idx03,500.0,500
8300,916083,eval_idx04,500.0,500
8300,916083,eval_idx05,500.0,500
8300,916083,eval_idx06,500.0,500
8300,916083,eval_idx07,500.0,500
8300,916083,eval_idx08,500.0,500
8300,916083,eval_idx09,500.0,500
8350,940823,eval_idx00,500.0,500
8350,940823,eval_idx01,500.0,500
8350,940823,eval_idx02,500.0,500
8350,940823,eval_idx03,500.0,500
8350,940823,eval_idx04,500.0,500
8350,940823,eval_idx05,500.0,500
8350,940823,eval_idx06,500.0,500
8350,940823,eval_idx07,500.0,500
8350,940823,eval_idx08,500.0,500
8350,940823,eval_idx09,500.0,500
8400,965814,eval_idx00,500.0,500
8400,965814,eval_idx01,486.0,486
8400,965814,eval_idx02,500.0,500
8400,965814,eval_idx03,500.0,500
8400,965814,eval_idx04,500.0,500
8400,965814,eval_idx05,500.0,500
8400,965814,eval_idx06,500.0,500
8400,965814,eval_idx07,500.0,500
8400,965814,eval_idx08,500.0,500
8400,965814,eval_idx09,500.0,500
8450,990785,eval_idx00,500.0,500
8450,990785,eval_idx01,500.0,500
8450,990785,eval_idx02,500.0,500
8450,990785,eval_idx03,500.0,500
8450,990785,eval_idx04,500.0,500
8450,990785,eval_idx05,500.0,500
8450,990785,eval_idx06,500.0,500
8450,990785,eval_idx07,500.0,500
8450,990785,eval_idx08,500.0,500
8450,990785,eval_idx09,500.0,500
8468,1000000,eval_idx00,500.0,500
8468,1000000,eval_idx01,500.0,500
8468,1000000,eval_idx02,500.0,500
8468,1000000,eval_idx03,500.0,500
8468,1000000,eval_idx04,500.0,500
8468,1000000,eval_idx05,500.0,500
8468,1000000,eval_idx06,500.0,500
8468,1000000,eval_idx07,500.0,500
8468,1000000,eval_idx08,500.0,500
8468,1000000,eval_idx09,500.0,500
